permit_number,jurisdiction,state,file_date,issue_date,final_date,status,type,subtype,description,job_value,residential,owner_name,contractor_name,contractor_license,street_no,street,city,zipcode,source_url,scraped_at,record_id
B25-0874,Paso Robles,CA,2025-09-02,,,final,"Mechanical, Plumbing, Electrical",,,,,,,,1310,WHITE CLOVER LN,PASO ROBLES,93446,https://aca-prod.accela.com/PRCITY/Cap/CapDetail.aspx?Module=Building&TabName=Building&capID1=25REC&capID2=00000&capID3=001E1&agencyCode=PRCITY&IsToShowInspection=,2026-08-27T18:57:04Z,6bf46dec5117a97e
B25-0875,Paso Robles,CA,2025-09-02,,,withdrawn,Residential New / Single Family,,,,True,,,,240,VIA PROMESA DR,PASO ROBLES,93446,https://aca-prod.accela.com/PRCITY/Cap/CapDetail.aspx?Module=Building&TabName=Building&capID1=25REC&capID2=00000&capID3=001E2&agencyCode=PRCITY&IsToShowInspection=,2026-08-27T18:57:04Z,895be66704b749b8
B25-0881,Paso Robles,CA,2025-09-02,,,withdrawn,"Mechanical, Plumbing, Electrical",,PV & ESS,,,,,,5955,WHISPERING OAK WY,PASO ROBLES,93446,https://aca-prod.accela.com/PRCITY/Cap/CapDetail.aspx?Module=Building&TabName=Building&capID1=25REC&capID2=00000&capID3=001EU&agencyCode=PRCITY&IsToShowInspection=,2026-08-27T18:57:04Z,efd1850dfecddff9
B25-0880,Paso Robles,CA,2025-09-02,,,withdrawn,"Mechanical, Plumbing, Electrical",,ESS,,,,,,7990,"SUNDANCE, United States",El Paso De Robles,,https://aca-prod.accela.com/PRCITY/Cap/CapDetail.aspx?Module=Building&TabName=Building&capID1=25REC&capID2=00000&capID3=001ET&agencyCode=PRCITY&IsToShowInspection=,2026-08-27T18:57:04Z,91f5870d21501e10
B25-0879,Paso Robles,CA,2025-09-02,,,final,Residential Remodel/Addition / Single Family,,Unconditioned Storage Space in Underfloor Area - 1018 Rachel Lane,,True,,,,1018,RACHEL LN,PASO ROBLES,93446,https://aca-prod.accela.com/PRCITY/Cap/CapDetail.aspx?Module=Building&TabName=Building&capID1=25REC&capID2=00000&capID3=001ED&agencyCode=PRCITY&IsToShowInspection=,2026-08-27T18:57:04Z,286b4de364e1f4f7
B25-0878,Paso Robles,CA,2025-09-02,,,withdrawn,Residential Remodel/Addition / Second Unit,,Convert existing garage to ADU.,,True,,,,2005,Oak ST,Paso Robles,,https://aca-prod.accela.com/PRCITY/Cap/CapDetail.aspx?Module=Building&TabName=Building&capID1=25REC&capID2=00000&capID3=001EC&agencyCode=PRCITY&IsToShowInspection=,2026-08-27T18:57:04Z,2c974309943d3dd2
B25-0877,Paso Robles,CA,2025-09-02,,,final,"Mechanical, Plumbing, Electrical",,PV & ESS,,,,,,2145,VINE ST,PASO ROBLES,93446,https://aca-prod.accela.com/PRCITY/Cap/CapDetail.aspx?Module=Building&TabName=Building&capID1=25REC&capID2=00000&capID3=001E7&agencyCode=PRCITY&IsToShowInspection=,2026-08-27T18:57:04Z,1b6918788f2c35f3
B25-0873,Paso Robles,CA,2025-09-02,,,final,"Mechanical, Plumbing, Electrical",,PV & ESS,,,,,,2619,BEECHWOOD DR,PASO ROBLES,93446,https://aca-prod.accela.com/PRCITY/Cap/CapDetail.aspx?Module=Building&TabName=Building&capID1=25REC&capID2=00000&capID3=001DY&agencyCode=PRCITY&IsToShowInspection=,2026-08-27T18:57:04Z,2cf18265838083bb
B25-0872,Paso Robles,CA,2025-08-31,,,final,"Mechanical, Plumbing, Electrical",,,,,,,,500,FERRO LN,PASO ROBLES,93446,https://aca-prod.accela.com/PRCITY/Cap/CapDetail.aspx?Module=Building&TabName=Building&capID1=25REC&capID2=00000&capID3=001DX&agencyCode=PRCITY&IsToShowInspection=,2026-08-27T18:57:04Z,2c824d44d328fcf9
F25-0212,Paso Robles,CA,2025-08-30,,,final,Fire Permit / Commercial / T19-5 Year,,Title 19 (Sprinklers and Hydrants),,False,,,,1457,CRESTON RD,PASO ROBLES,93446,https://aca-prod.accela.com/PRCITY/Cap/CapDetail.aspx?Module=Building&TabName=Building&capID1=25REC&capID2=00000&capID3=001DW&agencyCode=PRCITY&IsToShowInspection=,2026-08-27T18:57:04Z,b87e15fcfa85858e
F25-0211,Paso Robles,CA,2025-08-29,,,final,Fire Permit / Residential / Fire Sprinklers,,SFR Sprinklers,,True,,,,3581,Palazzo LN,PASO ROBLES,,https://aca-prod.accela.com/PRCITY/Cap/CapDetail.aspx?Module=Building&TabName=Building&capID1=25REC&capID2=00000&capID3=001DU&agencyCode=PRCITY&IsToShowInspection=,2026-08-27T18:57:04Z,3b1f9eec595ba1c5
ADD25-0137,Paso Robles,CA,2025-08-29,,,active,Addendum,,ADD#1 TO B25-0640,,,,,,420,13TH ST,PASO ROBLES,93446,https://aca-prod.accela.com/PRCITY/Cap/CapDetail.aspx?Module=Building&TabName=Building&capID1=25REC&capID2=00000&capID3=001DT&agencyCode=PRCITY&IsToShowInspection=,2026-08-27T18:57:04Z,e4899a5599503c23
ADD25-0136,Paso Robles,CA,2025-08-29,,,active,Addendum,,ADD#1 TO B25-0543,,,,,,2199,BEL AIR,PASO ROBLES,93446,https://aca-prod.accela.com/PRCITY/Cap/CapDetail.aspx?Module=Building&TabName=Building&capID1=25REC&capID2=00000&capID3=001DS&agencyCode=PRCITY&IsToShowInspection=,2026-08-27T18:57:04Z,5b3391c5ee4aa5a7
F25-0210,Paso Robles,CA,2025-08-29,,,final,Fire Permit / Residential / Fire Sprinklers,,SFR Sprinklers,,True,,,,3587,Palazzo LN,PASO ROBLES,,https://aca-prod.accela.com/PRCITY/Cap/CapDetail.aspx?Module=Building&TabName=Building&capID1=25REC&capID2=00000&capID3=001DR&agencyCode=PRCITY&IsToShowInspection=,2026-08-27T18:57:04Z,b5ee83d854388109
B25-0871,Paso Robles,CA,2025-08-29,,,final,"Mechanical, Plumbing, Electrical",,PV & ESS,,,,,,419,MELODY DR,PASO ROBLES,93446,https://aca-prod.accela.com/PRCITY/Cap/CapDetail.aspx?Module=Building&TabName=Building&capID1=25REC&capID2=00000&capID3=001DP&agencyCode=PRCITY&IsToShowInspection=,2026-08-27T18:57:04Z,a26431972912091b
B25-0870,Paso Robles,CA,2025-08-29,,,final,"Mechanical, Plumbing, Electrical",,PV & ESS,,,,,,,PASO ROBLES CA,El Paso De Robles,,https://aca-prod.accela.com/PRCITY/Cap/CapDetail.aspx?Module=Building&TabName=Building&capID1=25REC&capID2=00000&capID3=001DO&agencyCode=PRCITY&IsToShowInspection=,2026-08-27T18:57:04Z,f9b783da397c7d0d
F25-0209,Paso Robles,CA,2025-08-29,,,final,Fire Permit / Residential / Fire Sprinklers,,SFR Sprinklers,,True,,,,1080,Vinaza LN,PASO ROBLES,,https://aca-prod.accela.com/PRCITY/Cap/CapDetail.aspx?Module=Building&TabName=Building&capID1=25REC&capID2=00000&capID3=001DM&agencyCode=PRCITY&IsToShowInspection=,2026-08-27T18:57:04Z,087cb19b585e9605
F25-0208,Paso Robles,CA,2025-08-29,,,final,Fire Permit / Residential / Fire Sprinklers,,SFR Sprinklers,,True,,,,1074,Vinaza LN,PASO ROBLES,,https://aca-prod.accela.com/PRCITY/Cap/CapDetail.aspx?Module=Building&TabName=Building&capID1=25REC&capID2=00000&capID3=001DL&agencyCode=PRCITY&IsToShowInspection=,2026-08-27T18:57:04Z,4ddd744ef44388ac
B25-0869,Paso Robles,CA,2025-08-28,,,final,Residential New / Second Unit,,ADU - 62 Ridgeview,,True,,,,62,Ridgeview DR,PASO ROBLES,93446,https://aca-prod.accela.com/PRCITY/Cap/CapDetail.aspx?Module=Building&TabName=Building&capID1=25REC&capID2=00000&capID3=001DN&agencyCode=PRCITY&IsToShowInspection=,2026-08-27T18:57:04Z,e8a32b88dbb9b7a4
B25-0868,Paso Robles,CA,2025-08-28,,,withdrawn,Residential Remodel/Addition / Second Unit,,,,True,,,,60,RIDGEVIEW DR,PASO ROBLES,93446,https://aca-prod.accela.com/PRCITY/Cap/CapDetail.aspx?Module=Building&TabName=Building&capID1=25REC&capID2=00000&capID3=001DK&agencyCode=PRCITY&IsToShowInspection=,2026-08-27T18:57:04Z,e6743404f8a92968
ADD25-0135,Paso Robles,CA,2025-08-28,,,withdrawn,Addendum,,ADD#1 TO E24-0003,,,,,,3031,Union Road,PASO ROBLES,93446,https://aca-prod.accela.com/PRCITY/Cap/CapDetail.aspx?Module=Building&TabName=Building&capID1=25REC&capID2=00000&capID3=001DJ&agencyCode=PRCITY&IsToShowInspection=,2026-08-27T18:57:04Z,ae8071b208e13a30
B25-0867,Paso Robles,CA,2025-08-28,,,final,"Mechanical, Plumbing, Electrical",,PV & ESS,,,,,,1072,SLEEPY HOLLOW RD,PASO ROBLES,93446,https://aca-prod.accela.com/PRCITY/Cap/CapDetail.aspx?Module=Building&TabName=Building&capID1=25REC&capID2=00000&capID3=001DG&agencyCode=PRCITY&IsToShowInspection=,2026-08-27T18:57:04Z,be2af209798ff2d6
B25-0866,Paso Robles,CA,2025-08-27,,,active,"Mechanical, Plumbing, Electrical",,,,,,,,348,CAMINO LOBO,PASO ROBLES,93446,https://aca-prod.accela.com/PRCITY/Cap/CapDetail.aspx?Module=Building&TabName=Building&capID1=25REC&capID2=00000&capID3=001DA&agencyCode=PRCITY&IsToShowInspection=,2026-08-27T18:57:04Z,28277d83468082b1
F25-0207,Paso Robles,CA,2025-08-27,,,final,Fire Permit / Residential / Fire Sprinklers,,SFR Sprinklers,,True,,,,1068,Vinaza LN,PASO ROBLES,,https://aca-prod.accela.com/PRCITY/Cap/CapDetail.aspx?Module=Building&TabName=Building&capID1=25REC&capID2=00000&capID3=001DB&agencyCode=PRCITY&IsToShowInspection=,2026-08-27T18:57:04Z,98d33eb716229b8c
RESUB25-0083,Paso Robles,CA,2025-08-27,,,withdrawn,,,B24-0851,,,,,,,,El Paso De Robles,,https://aca-prod.accela.com/PRCITY/Cap/CapDetail.aspx?Module=Building&TabName=Building&capID1=25REC&capID2=00000&capID3=001D9&agencyCode=PRCITY&IsToShowInspection=,2026-08-27T18:57:04Z,92ef554486415c9f
B25-0865,Paso Robles,CA,2025-08-27,,,final,Residential Remodel/Addition / Single Family,,Deck,,True,,,,747,WALNUT DR,PASO ROBLES,93446,https://aca-prod.accela.com/PRCITY/Cap/CapDetail.aspx?Module=Building&TabName=Building&capID1=25REC&capID2=00000&capID3=001D8&agencyCode=PRCITY&IsToShowInspection=,2026-08-27T18:57:04Z,f42e573f51d8a76d
B25-0864,Paso Robles,CA,2025-08-27,,,final,Commercial Remodel/Addition / Commercial,,Demising Wall in Retail Space - 944 Pine,,False,,,,944,PINE ST,PASO ROBLES,93446,https://aca-prod.accela.com/PRCITY/Cap/CapDetail.aspx?Module=Building&TabName=Building&capID1=25REC&capID2=00000&capID3=001D6&agencyCode=PRCITY&IsToShowInspection=,2026-08-27T18:57:04Z,4ec56bff6201e09f
B25-0863,Paso Robles,CA,2025-08-27,,,final,"Mechanical, Plumbing, Electrical",,PV & ESS,,,,,,400,COOL VALLEY RD,PASO ROBLES,93446,https://aca-prod.accela.com/PRCITY/Cap/CapDetail.aspx?Module=Building&TabName=Building&capID1=25REC&capID2=00000&capID3=001D4&agencyCode=PRCITY&IsToShowInspection=,2026-08-27T18:57:04Z,069da0e9f5287914
B25-0899,Paso Robles,CA,2025-09-09,,,final,"Mechanical, Plumbing, Electrical",,,,,,,,912,SLEEPY HOLLOW RD,PASO ROBLES,93446,https://aca-prod.accela.com/PRCITY/Cap/CapDetail.aspx?Module=Building&TabName=Building&capID1=25REC&capID2=00000&capID3=001G3&agencyCode=PRCITY&IsToShowInspection=,2026-08-27T18:57:04Z,6a2258e2745e2cd2
B25-0917,Paso Robles,CA,2025-09-09,,,final,"Mechanical, Plumbing, Electrical",,PV & ESS,,,,,,206,GINGER LN,PASO ROBLES,93446,https://aca-prod.accela.com/PRCITY/Cap/CapDetail.aspx?Module=Building&TabName=Building&capID1=25REC&capID2=00000&capID3=001HQ&agencyCode=PRCITY&IsToShowInspection=,2026-08-27T18:57:04Z,901c846f038342a1
B25-0916,Paso Robles,CA,2025-09-09,,,active,Residential New / ADU,,ADU - 103 Capitol Hill,,True,,,,103,Capitol Hill,Paso Robles,,https://aca-prod.accela.com/PRCITY/Cap/CapDetail.aspx?Module=Building&TabName=Building&capID1=25REC&capID2=00000&capID3=001HN&agencyCode=PRCITY&IsToShowInspection=,2026-08-27T18:57:04Z,3a19003af67494bb
B25-0898,Paso Robles,CA,2025-09-09,,,final,"Mechanical, Plumbing, Electrical",,PV & ESS,,,,,,1525,POPPY LN,PASO ROBLES,93446,https://aca-prod.accela.com/PRCITY/Cap/CapDetail.aspx?Module=Building&TabName=Building&capID1=25REC&capID2=00000&capID3=001G0&agencyCode=PRCITY&IsToShowInspection=,2026-08-27T18:57:04Z,8e88dc4418b51f4c
B25-0897,Paso Robles,CA,2025-09-09,,,withdrawn,Residential New / Single Family,,PV & ESS - Should be MPE Permit,,True,,,,206,"Ginger Ln, United States",El Paso De Robles,,https://aca-prod.accela.com/PRCITY/Cap/CapDetail.aspx?Module=Building&TabName=Building&capID1=25REC&capID2=00000&capID3=001FY&agencyCode=PRCITY&IsToShowInspection=,2026-08-27T18:57:04Z,6908f8a97e15b1c7
B25-0896,Paso Robles,CA,2025-09-09,,,final,"Mechanical, Plumbing, Electrical",,PV,,,,,,709,BAROLO LN,PASO ROBLES,93446,https://aca-prod.accela.com/PRCITY/Cap/CapDetail.aspx?Module=Building&TabName=Building&capID1=25REC&capID2=00000&capID3=001FX&agencyCode=PRCITY&IsToShowInspection=,2026-08-27T18:57:04Z,9d37273048d7a96e
B25-0895,Paso Robles,CA,2025-09-09,,,final,"Mechanical, Plumbing, Electrical",,PV,,,,,,715,BAROLO LN,PASO ROBLES,93446,https://aca-prod.accela.com/PRCITY/Cap/CapDetail.aspx?Module=Building&TabName=Building&capID1=25REC&capID2=00000&capID3=001FW&agencyCode=PRCITY&IsToShowInspection=,2026-08-27T18:57:04Z,3f84818c7123c1d8
ADD25-0141,Paso Robles,CA,2025-09-09,,,active,Addendum,,PV & ESS Revised Plans,,,,,,1550,CRESTON RD,PASO ROBLES,93446,https://aca-prod.accela.com/PRCITY/Cap/CapDetail.aspx?Module=Building&TabName=Building&capID1=25REC&capID2=00000&capID3=001FV&agencyCode=PRCITY&IsToShowInspection=,2026-08-27T18:57:04Z,0271409ad7b2a844
B25-0894,Paso Robles,CA,2025-09-09,,,active,"Mechanical, Plumbing, Electrical",,PA 3 PV STOCK PLANS,,,,,,,,El Paso De Robles,,https://aca-prod.accela.com/PRCITY/Cap/CapDetail.aspx?Module=Building&TabName=Building&capID1=25REC&capID2=00000&capID3=001FU&agencyCode=PRCITY&IsToShowInspection=,2026-08-27T18:57:04Z,52fe53d9f1c8acda
ADD25-0140,Paso Robles,CA,2025-09-09,,,active,Addendum,,Re-design from 2-story to 1-story SFR,,True,,,,765,ORCHARD DR,PASO ROBLES,93446,https://aca-prod.accela.com/PRCITY/Cap/CapDetail.aspx?Module=Building&TabName=Building&capID1=25REC&capID2=00000&capID3=001FT&agencyCode=PRCITY&IsToShowInspection=,2026-08-27T18:57:04Z,92bec02cc70ef5a8
B25-0892,Paso Robles,CA,2025-09-08,,,expired,Re-Roof,,,,,,,,5240,White Tail Pl.,Paso Robles,,https://aca-prod.accela.com/PRCITY/Cap/CapDetail.aspx?Module=Building&TabName=Building&capID1=25REC&capID2=00000&capID3=001FQ&agencyCode=PRCITY&IsToShowInspection=,2026-08-27T18:57:04Z,2c64dea6037b4ddb
B25-0890,Paso Robles,CA,2025-09-08,,,final,Re-Roof,,,,,,,,936,QUEENANNE RD,PASO ROBLES,93446,https://aca-prod.accela.com/PRCITY/Cap/CapDetail.aspx?Module=Building&TabName=Building&capID1=25REC&capID2=00000&capID3=001FN&agencyCode=PRCITY&IsToShowInspection=,2026-08-27T18:57:04Z,dce73706f59d9bef
B25-0893,Paso Robles,CA,2025-09-08,,,final,Commercial Remodel/Addition / Commercial,,Paso Robles Inn Ballroom Renovation,,False,,,,1103,SPRING ST,PASO ROBLES,93446,https://aca-prod.accela.com/PRCITY/Cap/CapDetail.aspx?Module=Building&TabName=Building&capID1=25REC&capID2=00000&capID3=001FS&agencyCode=PRCITY&IsToShowInspection=,2026-08-27T18:57:04Z,f7a0b379f26de723
B25-0891,Paso Robles,CA,2025-09-08,,,final,"Mechanical, Plumbing, Electrical",,PV & ESS,,,,,,1114,NANETTE LN,PASO ROBLES,93446,https://aca-prod.accela.com/PRCITY/Cap/CapDetail.aspx?Module=Building&TabName=Building&capID1=25REC&capID2=00000&capID3=001FP&agencyCode=PRCITY&IsToShowInspection=,2026-08-27T18:57:04Z,a069ddefaf26f864
B25-0889,Paso Robles,CA,2025-09-08,,,final,"Mechanical, Plumbing, Electrical",,PV & ESS,,,,,,541,PEACHY CT,PASO ROBLES,93446,https://aca-prod.accela.com/PRCITY/Cap/CapDetail.aspx?Module=Building&TabName=Building&capID1=25REC&capID2=00000&capID3=001FM&agencyCode=PRCITY&IsToShowInspection=,2026-08-27T18:57:04Z,ce5c3e38a04d6093
B25-0888,Paso Robles,CA,2025-09-08,,,final,"Mechanical, Plumbing, Electrical",,PV & ESS,,,,,,911,WADE DR,PASO ROBLES,,https://aca-prod.accela.com/PRCITY/Cap/CapDetail.aspx?Module=Building&TabName=Building&capID1=25REC&capID2=00000&capID3=001FK&agencyCode=PRCITY&IsToShowInspection=,2026-08-27T18:57:04Z,d5bcd287e1d4439a
B25-0886,Paso Robles,CA,2025-09-05,,,final,Re-Roof,,,,,,,,1807,"PINE ST, 1",PASO ROBLES,93446,https://aca-prod.accela.com/PRCITY/Cap/CapDetail.aspx?Module=Building&TabName=Building&capID1=25REC&capID2=00000&capID3=001FH&agencyCode=PRCITY&IsToShowInspection=,2026-08-27T18:57:04Z,6ac7119c3e9feb95
B25-0887,Paso Robles,CA,2025-09-04,,,active,Re-Roof,,,,,,,,2308,APION CT,PASO ROBLES,93446,https://aca-prod.accela.com/PRCITY/Cap/CapDetail.aspx?Module=Building&TabName=Building&capID1=25REC&capID2=00000&capID3=001FI&agencyCode=PRCITY&IsToShowInspection=,2026-08-27T18:57:04Z,131a57c2a3989268
B25-0885,Paso Robles,CA,2025-09-04,,,active,"Mechanical, Plumbing, Electrical",,,,,,,,1848,COTTONWOOD CIR,Paso Robles,,https://aca-prod.accela.com/PRCITY/Cap/CapDetail.aspx?Module=Building&TabName=Building&capID1=25REC&capID2=00000&capID3=001FG&agencyCode=PRCITY&IsToShowInspection=,2026-08-27T18:57:04Z,769dfb8acf859f15
ADD25-0139,Paso Robles,CA,2025-09-04,,,active,Addendum,,ADD#1 to ENC22-0058 / Traffic Control Plan,,,,,,,PASO ROBLES CA,El Paso De Robles,,https://aca-prod.accela.com/PRCITY/Cap/CapDetail.aspx?Module=Building&TabName=Building&capID1=25REC&capID2=00000&capID3=001FE&agencyCode=PRCITY&IsToShowInspection=,2026-08-27T18:57:04Z,f4c1cc97ccd31ecd
B25-0884,Paso Robles,CA,2025-09-04,,,active,Residential New / ADU,,Convert existing garage to ADU -2005 Oak Street,,True,,,,541,20TH ST,PASO ROBLES,93446,https://aca-prod.accela.com/PRCITY/Cap/CapDetail.aspx?Module=Building&TabName=Building&capID1=25REC&capID2=00000&capID3=001FC&agencyCode=PRCITY&IsToShowInspection=,2026-08-27T18:57:04Z,2d9647b67af74899
F25-0213,Paso Robles,CA,2025-09-03,,,final,Fire Permit / Commercial / T19-5 Year,,Title 19 (Sprinklers),,False,,,,200,OAK HILL RD,PASO ROBLES,93446,https://aca-prod.accela.com/PRCITY/Cap/CapDetail.aspx?Module=Building&TabName=Building&capID1=25REC&capID2=00000&capID3=001F6&agencyCode=PRCITY&IsToShowInspection=,2026-08-27T18:57:04Z,a42c1f10759b21c9
